21	5	9	[DEPRECATED] Skirmish at Echo Ridge	[(0, 80)]
33	2	9	[DEPRECATED] Wolves Across the Border	[(1, 50432)]
996	55	361	Corrupted Windblossom	[(1, 11516)]
998	55	361	Corrupted Windblossom	[(1, 11516)]
2523	55	361	Corrupted Songflower	[(1, 11516)]
3363	55	361	Corrupted Songflower	[(1, 11516)]
4117	55	361	Corrupted Whipper Root	[(1, 11516)]
4119	55	361	Corrupted Night Dragon	[(1, 11516)]
4443	55	361	Corrupted Whipper Root	[(1, 11516)]
4447	55	361	Corrupted Night Dragon	[(1, 11516)]
6741	-1	2597	More Booty!	[(1, 17422)]
6781	-1	2597	More Armor Scraps	[(1, 17422)]
6801	-1	2597	Lokholar the Ice Lord	[(1, 17306)]
6881	-1	2597	Ivus the Forest Lord	[(1, 17423)]
6943	-1	2597	Call of Air - Ichman's Fleet	[(1, 17504)]
7081	-1	2597	Alterac Valley Graveyards	[(0, 13756)]
7082	-1	2597	The Graveyards of Alterac	[(0, 13756)]
7101	-1	2597	Towers and Bunkers	[(0, 13778)]
7102	-1	2597	Towers and Bunkers	[(0, 13778)]
7122	-1	2597	Capture a Mine	[(0, 13796)]
7124	-1	2597	Capture a Mine	[(0, 13796)]
7223	-1	2597	Armor Scraps	[(1, 17422)]
7224	-1	2597	Enemy Booty	[(1, 17422)]
7385	-1	2597	A Gallon of Blood	[(1, 17306)]
7386	-1	2597	Crystal Cluster	[(1, 17423)]
8105	55	3358	The Battle for Arathi Basin!	[(0, 15005), (0, 15004), (0, 15002)]
8120	55	3358	The Battle for Arathi Basin!	[(0, 15005), (0, 15004), (0, 15002), (0, 15001)]
8309	-1	1377	Glyph Chasing	[(1, 20456)]
8311	-1	-21	Hallow's End Treats for Jesper!	[(1, 20492), (1, 20494), (1, 20490), (1, 20496)]
8312	-1	-21	Hallow's End Treats for Spoops!	[(1, 20493), (1, 20495), (1, 20491), (1, 20497)]
8748	60	440	The Path of the Protector	[(1, 21196)]
8749	60	440	The Path of the Protector	[(1, 21197)]
8750	60	440	The Path of the Protector	[(1, 21198)]
8751	60	440	The Protector of Kalimdor	[(1, 21199)]
8753	60	440	The Path of the Conqueror	[(1, 21201)]
8754	60	440	The Path of the Conqueror	[(1, 21202)]
8756	60	440	The Qiraji Conqueror	[(1, 21204)]
8758	60	440	The Path of the Invoker	[(1, 21206)]
8759	60	440	The Path of the Invoker	[(1, 21207)]
8760	60	440	The Path of the Invoker	[(1, 21208)]
8761	60	440	The Grand Invoker	[(1, 21209)]
8764	60	440	The Changing of Paths - Protector No More	[(1, 21200)]
9174	-1	3433	Vanquishing Aquantion	[(0, 16292)]
9251	60	-344	Atiesh, the Befouled Greatstaff	[(1, 22733), (1, 22734)]
9257	60	-344	Atiesh, Greatstaff of the Guardian	[(0, 16387)]
9270	60	-344	Atiesh, Greatstaff of the Guardian	[(0, 16387)]
9370	-1	3483	The Cleansing Must Be Stopped	[(0, 16994)]
9545	-1	3483	The Seer's Relic	[(0, 17413)]
9689	-1	3525	Razormaw	[(0, 17592)]
9816	-1	3521	Have You Ever Seen One of These?	[(0, 18152)]
9847	-1	3521	A Spirit Ally?	[(0, 18185)]
10168	-1	3518	What the Soul Sees	[(0, 19480)]
10250	-1	3483	Bloody Vengeance	[(0, 19862)]
10274	-1	3523	Securing the Celestial Ridge	[(0, 18544)]
10351	-1	3483	Natural Remedies	[(0, 19305)]
10369	-1	3483	Arzeth's Demise	[(0, 20680)]
10411	-1	3523	Electro-Shock Goodness!	[(0, 20806), (0, 20805)]
10544	-1	3522	A Curse Upon Both of Your Clans!	[(0, 21446), (0, 21452)]
10585	-1	3520	The Summoning Chamber	[(0, 21735)]
10588	-1	3520	The Cipher of Damnation	[(0, 21181)]
10602	-1	3520	The Summoning Chamber	[(0, 21735)]
10639	-1	3520	Teron Gorefiend, I am...	[(0, 21877)]
10645	-1	3520	Teron Gorefiend, I am...	[(0, 21877)]
10669	-1	3518	Against All Odds	[(0, 21894)]
10674	-1	3522	Trapping the Light Fantastic	[(0, 21929)]
10714	-1	3522	On Spirit's Wings	[(0, 22383)]
10830	-1	3522	Exorcising the Trees	[(0, 22226)]
10859	-1	3522	Gather the Orbs	[(0, 21929)]
10861	-1	3519	Veil Lithic: Preemptive Strike	[(0, 22337)]
10896	-1	3519	The Infested Protectors	[(0, 22419)]
10909	-1	3483	Fel Spirits	[(0, 22454)]
10915	-1	3519	The Fallen Exarch	[(0, 22452)]
10923	-1	3519	Evil Draws Near	[(0, 22441)]
10959	70	3840	The Fall of the Betrayer	[(1, 32649)]
11031	70	2562	Archmage No More	[(1, 29287)]
11032	70	2562	Protector No More	[(1, 29279)]
11033	70	2562	Assassin No More	[(1, 29283)]
11034	70	2562	Restorer No More	[(1, 29290)]
11073	-1	3679	Terokk's Downfall	[(0, 21838)]
11105	70	1941	Champion No More	[(1, 29301)]
11106	70	1941	Defender No More	[(1, 29297)]
11281	-1	495	Mimicking Nature's Call	[(0, 24173)]
11317	-1	495	The Cleansing	[(0, 27959)]
11322	-1	495	The Cleansing	[(0, 27959)]
11464	-1	495	Gambling Debt	[(1, 34115)]
11466	-1	495	Jack Likes His Drink	[(1, 34116)]
11476	-1	495	A Carver and a Croaker	[(1, 35803)]
11658	-1	3537	Plan B	[(1, 34842)]
11661	-1	3537	Orabus the Helmsman	[(0, 32576)]
11706	-1	3537	The Collapse	[(0, 25629)]
11723	-1	3537	Deploy the Shake-n-Quake!	[(0, 25629)]
11788	-1	3537	Lefty Loosey, Righty Tighty	[(0, 25830), (0, 25831), (0, 25832), (0, 25833)]
11798	-1	3537	The Gearmaster	[(0, 27995)]
11885	-1	3679	Adversarial Blood	[(0, 23161), (0, 23165), (0, 23163)]
11905	-1	4265	Postponing the Inevitable	[(0, 26105)]
11907	-1	3537	The Sub-Chieftains	[(0, 25830), (0, 25831), (0, 25832), (0, 25833)]
11909	-1	3537	Defeat the Gearmaster	[(0, 27995)]
12017	-1	65	Meat on the Hook	[(0, 26510)]
12093	-1	394	Runes of Compulsion	[(0, 26920), (0, 26921), (0, 26922), (0, 26923)]
12153	-1	394	The Iron Thane and His Anvil	[(0, 26405)]
12199	-1	394	Bringing Down the Iron Thane	[(0, 26405)]
12240	-1	65	A Means to an End	[(0, 27238)]
12457	-1	65	The Chain Gun And You	[(0, 27788)]
12473	-1	65	An End And A Beginning	[(0, 27383)]
12516	-1	66	Too Much of a Good Thing	[(0, 28151)]
12544	-1	3711	The Bones of Nozronn	[(0, 28256)]
12685	-1	66	You Reap What You Sow	[(0, 28795)]
12730	-1	66	Convocation at Zol'Heb	[(0, 29028)]
12735	-1	3711	A Cleansing Song	[(0, 29033), (0, 29018), (0, 29034)]
12813	-1	210	From Their Corpses, Rise!	[(0, 29398)]
12823	-1	67	A Flawless Plan	[(0, 29626)]
12896	-1	210	If He Cannot Be Turned	[(0, 29851)]
12897	-1	210	If He Cannot Be Turned	[(0, 29851)]
12939	-1	210	Honor Challenge	[(0, 30038)]
12977	-1	67	Blowing Hodir's Horn	[(0, 30139)]
12994	-1	67	Spy Hunter	[(0, 30222)]
12995	-1	210	Leave Our Mark	[(0, 30220)]
13011	-1	67	Jormuttar is Soo Fat...	[(0, 30340)]
13058	-1	67	Changing the Wind's Course	[(2, 194123)]
13137	-1	210	Not-So-Honorable Combat	[(0, 30924)]
13142	-1	210	Banshee's Revenge	[(0, 31016)]
13164	-1	210	The Fate of Bloodbane	[(0, 31283)]
13220	-1	210	Putting Olakin Back Together Again	[(0, 31235)]
13222	90	4197	Defend the Siege	[(0, 31284)]
13223	90	4197	Defend the Siege	[(0, 31284)]
13312	-1	210	The Ironwall Rampart	[(0, 32162)]
13337	-1	210	The Ironwall Rampart	[(0, 32162)]
13346	-1	210	No Rest For The Wicked	[(0, 32300)]
13350	-1	210	No Rest For The Wicked	[(0, 32300)]
13367	-1	210	No Rest For The Wicked	[(0, 32300)]
13368	-1	210	No Rest For The Wicked	[(0, 32300)]
13413	-1	4024	Aces High!	[(0, 32534)]
13414	-1	4024	Aces High!	[(0, 32534)]
13538	90	4197	Southern Sabotage	[(0, 35074)]
13539	90	4197	Toppling the Towers	[(0, 35074)]
13621	-1	331	Gorat's Vengeance	[(0, 33302)]
13626	-1	331	Respect for the Fallen	[(1, 45043)]
13664	-1	-241	The Black Knight's Fall	[(0, 33785)]
13672	-1	-241	Up To The Challenge	[(1, 45192)]
13678	-1	-241	Up To The Challenge	[(1, 45192)]
13682	-1	-241	Threat From Above	[(0, 33695)]
13697	-1	-241	The Valiant's Charge	[(1, 44987)]
13714	-1	-241	The Valiant's Charge	[(1, 44987)]
13715	-1	-241	The Valiant's Charge	[(1, 44987)]
13716	-1	-241	The Valiant's Charge	[(1, 44987)]
13717	-1	-241	The Valiant's Charge	[(1, 44987)]
13718	-1	-241	The Valiant's Charge	[(1, 44987)]
13719	-1	-241	The Valiant's Charge	[(1, 44987)]
13720	-1	-241	The Valiant's Charge	[(1, 44987)]
13721	-1	-241	The Valiant's Charge	[(1, 44987)]
13722	-1	-241	The Valiant's Charge	[(1, 44987)]
13788	-1	-241	Threat From Above	[(0, 33695)]
13809	-1	-241	Threat From Above	[(0, 33695)]
13812	-1	-241	Threat From Above	[(0, 33695)]
13885	-1	148	In Defense of Darkshore	[(0, 34323), (0, 34325), (0, 34324)]
13891	-1	148	The Devourer of Darkshore	[(0, 34331)]
13928	-1	331	Recover the Fallen	[(1, 46543)]
13975	-1	17	Crossroads Caravan Delivery	[(0, 65892)]
13989	-1	331	King of the Foulweald	[(0, 12918)]
13995	-1	17	King of Centaur Mountain	[(0, 34635)]
14001	-1	4720	Goblin Escape Pods	[(0, 34748)]
14102	-1	-241	Mistcaller Yngvar	[(0, 34965)]
14104	-1	-241	Ornolf The Scarred	[(0, 35012)]
14125	5	4737	447	[(0, 37598)]
14226	-1	16	Trouble Under Foot	[(0, 35628)]
14227	-1	405	Putting Their Heads Together	[(0, 35647)]
14284	-1	405	A Revenant's Vengeance	[(0, 35898)]
14364	-1	405	Putting Their Heads Together	[(0, 35647)]
14474	-1	4720	Goblin Escape Pods	[(0, 34748)]
24534	-1	4709	Speaking Their Language	[(0, 37513)]
24573	-1	4709	Honoring the Dead	[(0, 37747), (0, 37756), (0, 37758), (0, 37759)]
24631	-1	4709	Flightmare	[(0, 37977)]
24820	80	4812	A Change of Heart	[(1, 50376)]
24821	80	4812	A Change of Heart	[(1, 50375)]
24826	80	4812	Path of Vengeance	[(1, 50376)]
24827	80	4812	Path of Courage	[(1, 50375)]
25006	-1	85	The Grasp Weakens	[(0, 38981)]
25044	-1	4709	Diplomacy By Another Means	[(0, 37513)]
25070	-1	440	What Lies Within	[(0, 39077)]
25153	-1	4709	Bael'dun Rescue	[(0, 39219)]
25155	-1	-373	Ogrezonians in the Mood	[(1, 52121)]
25161	-1	-373	Ogrezonians in the Mood	[(1, 52121)]
25239	80	4812	Path of Might	[(1, 52569)]
25240	80	4812	Path of Might	[(1, 52570)]
25246	80	4812	A Change of Heart	[(1, 52572)]
25247	80	4812	A Change of Heart	[(1, 52569)]
25248	80	4812	A Change of Heart	[(1, 52570)]
25368	-1	357	Verinias the Twisted	[(0, 40136)]
25379	-1	357	Taerar's Fall	[(0, 39853)]
25532	-1	400	Pirate Accuracy Increasing	[(2, 203009)]
25533	-1	400	Pirate Accuracy Increasing	[(2, 203009)]
25591	-1	440	Thunderdrome: Grudge Match!	[(0, 40547)]
25626	-1	5144	Visions of the Past: Rise from the Deep	[(0, 41982)]
25754	-1	5144	Gauging Success	[(0, 41304)]
25756	-1	400	Get Zherin!	[(1, 55808)]
25883	-1	4815	How Disarming	[(2, 203300)]
25965	-1	5144	Gauging Success	[(0, 41304)]
26076	-1	406	Spy Infestation	[(0, 42034)]
26103	-1	5145	Bio-Fuel	[(1, 56818), (1, 56819), (1, 56820)]
26122	-1	5145	Environmental Awareness	[(1, 56818), (1, 56819), (1, 56820)]
26135	-1	5144	Visions of the Past: Rise from the Deep	[(0, 41982)]
26251	-1	5042	Take No Prisoners	[(0, 42885)]
26254	-1	5042	Some Spraining to Do	[(0, 43198)]
26261	-1	5042	Question the Slaves	[(0, 44772)]
26294	-1	1637	Weapons of Mass Dysfunction	[(0, 42674), (0, 42675)]
26305	-1	33	Saving Yenniku	[(1, 3913)]
26359	-1	33	See Raptor	[(0, 42840)]
26362	-1	33	Be Raptor	[(0, 42881), (0, 42882), (0, 42883), (0, 42884)]
26363	-1	47	Summit of Fate	[(1, 58228)]
26374	-1	16	Ready the Ground Troops	[(0, 42893)]
26517	-1	47	Summit of Fate	[(1, 58228)]
26629	-1	5287	Seeing Where Your Loyalties Lie	[(1, 59146)]
26727	-1	10	The Embalmer's Revenge	[(0, 43862)]
26755	-1	5042	Keep Them off the Front	[(0, 43978)]
26771	-1	5042	Testing the Trap	[(0, 44148)]
26773	-1	33	See Raptor	[(0, 42840)]
26775	-1	33	Be Raptor	[(0, 42881), (0, 42882), (0, 42883), (0, 42884)]
26827	-1	5042	Rallying the Earthen Ring	[(0, 44133)]
26830	-1	1637	Traitor's Bait	[(0, 44120)]
26956	-1	28	I Ain't Sayin' You a Gourd-Digger...	[(0, 44489), (0, 44488), (0, 44487)]
27060	84	1519	Unholy Cow	[(0, 44910)]
27064	84	1519	He's Holding Out on Us	[(0, 44921)]
27072	84	1519	The Old Barracks	[(0, 44814)]
27092	84	1519	Cataclysm in the Catacombs	[(0, 44816)]
27093	-1	130	Lost in the Darkness	[(0, 44942)]
27099	-1	130	No Escape	[(0, 44951)]
27180	-1	130	Honor the Dead	[(1, 60862)]
27190	-1	15	Cleansing Witch Hill	[(0, 23864)]
27410	-1	15	Spirits of Stonemaul Hold	[(0, 23786)]
27411	-1	15	Challenge to the Black Flight	[(0, 23789)]
27450	-1	139	Frederick's Fish Fancy	[(1, 61292), (1, 61293), (1, 61294)]
27464	-1	139	Argent Call: The Trial of the Crypt	[(0, 45707)]
27468	-1	4922	Siege Tank Rescue	[(0, 45580), (0, 45581)]
27502	-1	4922	Up to the Citadel	[(0, 46121)]
27503	-1	4922	Up to the Citadel	[(0, 46121)]
27522	-1	139	Beat it Out of Them	[(0, 45845), (0, 45846)]
27622	-1	4922	Mo' Better Shredder	[(0, 46109)]
27659	-1	4922	Portal Overload	[(0, 46273), (0, 46270), (0, 46272)]
27693	-1	3	The Warden's Game	[(0, 46339)]
27709	-1	3	The Sentinel's Game	[(0, 46398)]
27713	-1	3	The Day that Deathwing Came	[(0, 46467)]
27720	-1	4922	Mr. Goldmine's Wild Ride	[(0, 46459)]
27747	-1	4922	Total War	[(0, 46551)]
27778	-1	5034	Hacking the Wibson	[(0, 47028)]
27787	-1	4922	Skullcrusher the Mountain	[(0, 46967)]
27788	-1	4922	Skullcrusher the Mountain	[(0, 46967)]
27804	-1	4922	The Only Homes We Have	[(0, 46849)]
27828	-1	3	Eric, the Utility Dwarf	[(0, 46862), (0, 46863)]
27834	-1	3	Baelog, the Glass Cannon	[(0, 46864), (0, 46865)]
27835	-1	3	Olaf, the Big Fella'	[(0, 46866), (0, 46867)]
27885	-1	3	The Warden's Game	[(0, 46339)]
27886	-1	3	The Sentinel's Game	[(0, 46398)]
27891	-1	3	Amakkar, Jack of All Trades	[(0, 46862), (0, 46863)]
27892	-1	3	Jurrix the Striker	[(0, 46865), (0, 46864)]
27893	-1	3	Gargal, the Behemoth	[(0, 46866), (0, 46867)]
27961	-1	51	Out of Place	[(1, 62934)]
27989	-1	361	Ruumbo Demands Honey	[(1, 62820)]
28052	-1	51	Operation: Stir the Cauldron	[(0, 47467)]
28172	-1	46	Done Nothing Wrong	[(1, 63114), (1, 63116), (1, 63117), (1, 63119)]
28176	-1	4922	Following the Young Home	[(0, 47855), (0, 47874)]
28195	-1	5034	Sending a Message	[(0, 47980)]
28226	-1	46	Scrapped Golems	[(1, 63336), (1, 63335), (1, 63334)]
28257	-1	361	The Fall of Tichondrius	[(0, 47917)]
28409	-1	4922	Something Brewed	[(0, 48762)]
28413	-1	4922	Words and Music By...	[(0, 48712)]
28417	-1	46	Done Nothing Wrong	[(1, 63114), (1, 63116), (1, 63117), (1, 63119)]
28486	-1	5034	Salhet's Gambit	[(0, 49250)]
28598	-1	4922	Aiming High	[(0, 49212)]
28617	-1	267	Flower Power	[(0, 49542)]
28733	-1	267	Basic Botany	[(0, 49189)]
28748	-1	267	Lawn of the Dead	[(0, 49627)]
28751	-1	267	Tending the Garden	[(0, 49626)]
28758	-1	4922	Battle of Life and Death	[(0, 49873)]
28864	-1	4922	Beer Run	[(0, 48762)]
28872	-1	4922	Total War	[(0, 46551)]
28885	-1	4922	Mr. Goldmine's Wild Ride	[(0, 46459)]
29034	-1	618	They Grow Up So Fast	[(1, 68644)]
29089	-1	17	Sludge Beast!	[(0, 52165)]
29122	-1	-379	Echoes of Nemesis	[(0, 52383)]
29192	-1	-379	The Wardens are Watching	[(0, 52815)]
29297	-1	-379	Bye Bye Burdy	[(0, 53251)]
29299	-1	-379	Some Like It Hot	[(0, 53263)]
29302	-1	-379	Unlocking the Secrets Within	[(0, 53296)]
29303	-1	-379	Tragedy and Family	[(0, 53301)]
29310	-1	-379	The Tipping Point	[(0, 53302)]
29328	-1	-381	Elemental Bonds: Desire	[(0, 53655)]
29329	-1	-381	Elemental Bonds: Patience	[(0, 53744)]
29330	-1	-381	Elemental Bonds: Fury	[(0, 53926)]
29390	-1	-379	Guardians of Hyjal: Call of the Ancients	[(0, 53935), (0, 53936), (0, 53937), (0, 53924)]
29391	-1	-379	Guardians of Hyjal: Call of the Ancients	[(0, 53935), (0, 53936), (0, 53937), (0, 53924)]
29402	-1	-21	Taking Precautions	[(1, 71035)]
29426	-1	-21	Taking Precautions	[(1, 71035)]
29433	-1	-364	Test Your Strength	[(1, 71096)]
29555	-1	5785	The White Pawn	[(0, 55161)]
29726	-1	5785	SI:7 Report: Hostile Natives	[(0, 55378), (0, 55380), (0, 55381)]
29727	-1	5785	SI:7 Report: Take No Prisoners	[(0, 55408)]
29730	-1	5785	Scouting Report: Hostile Natives	[(0, 55378), (0, 55381)]
29752	-1	5785	The Wayward Dead	[(0, 61290)]
29756	-1	5785	A Humble Offering	[(1, 75214)]
29762	-1	5785	Family Heirlooms	[(1, 79811)]
29824	-1	5785	Scouting Report: Like Jinyu in a Barrel	[(0, 55667)]
29827	-1	5785	Acid Rain	[(0, 55707), (0, 55701)]
29898	-1	5785	Sacred Waters	[(0, 56457), (0, 56458), (0, 56459)]
29903	-1	5785	A Perfect Match	[(0, 56601)]
29906	-1	5785	Carp Diem	[(0, 54868)]
29951	-1	5805	Muddy Water	[(1, 76356)]
29952	-1	5805	Broken Dreams	[(0, 56680)]
29988	-1	5805	A Taste For Eggs	[(1, 76501), (1, 76503)]
29999	-1	5785	The Rider's Bind	[(0, 56858), (0, 56859), (0, 56860)]
30000	-1	5785	The Jade Serpent	[(0, 57243)]
30002	-1	5785	Pages of History	[(0, 57237)]
30078	-1	5805	Cleaning House	[(0, 58014), (0, 58015), (0, 58017)]
30113	85	-162	Victory in the Depths	[(1, 77945), (1, 77946)]
30118	85	-162	Patricide	[(1, 77947)]
30144	-1	5785	Flight Training: Ring Round-Up	[(0, 58426)]
30145	-1	5785	Flight Training: Full Speed Ahead	[(0, 58444)]
30151	-1	5785	Catch!	[(0, 58395)]
30156	-1	5785	Feeding Time	[(0, 58351)]
30172	-1	5805	Barreling Along	[(0, 58341)]
30188	-1	5785	Riding the Skies	[(0, 58594)]
30254	-1	5805	Learn and Grow II: Tilling and Planting	[(0, 59985), (0, 59990)]
30255	-1	5805	Learn and Grow III: Tending Crops	[(0, 59987)]
30256	-1	5805	Learn and Grow IV: Harvesting	[(1, 80314)]
30261	-1	5840	Roll Club: Serpent's Spine	[(0, 64897)]
30277	-1	5840	The Crumbling Hall	[(0, 65286)]
30317	-1	5805	Water, Water Everywhere	[(0, 59574)]
30466	-1	5785	Sufficient Motivation	[(1, 79884)]
30480	-1	5841	The Ritual	[(0, 61530)]
30527	-1	5805	Haohan's Vote IV: Melons For Felons	[(0, 66736)]
30534	-1	5805	A Second Hand	[(0, 59674)]
30612	-1	5841	The Leader Hozen	[(0, 60188)]
30623	-1	5805	The Mantidote	[(0, 59875)]
30648	-1	5785	Moving On	[(0, 59692)]
30650	-1	5841	Pandaren Prisoners	[(0, 60038)]
30653	-1	5805	It Does You No Good In The Keg	[(0, 59882)]
30655	-1	5841	Pandaren Prisoners	[(0, 60038)]
30683	-1	5841	One Traveler's Misfortune	[(0, 60769)]
30776	-1	5842	Jung Duk	[(0, 60801)]
30781	-1	5842	Last Toll of the Yaungol	[(0, 60948), (0, 60949), (0, 60950), (0, 61291)]
30783	-1	5842	Hatred Becomes Us	[(0, 61054)]
30827	-1	5842	What Lies Beneath	[(0, 60990), (0, 60991), (0, 61015)]
30828	-1	5841	Cleansing the Mere	[(0, 59170)]
30829	-1	5841	The Tongue of Ba-Shon	[(0, 61305)]
30900	-1	5842	Terror of the Dread Wastes	[(0, 62324)]
30929	-1	5842	Bad Yak	[(0, 61606), (0, 61607), (0, 61608), (0, 61609)]
30973	-1	5842	Up In Flames	[(0, 61355)]
30975	-1	5842	The Taking of Dusklight Bridge	[(0, 62686)]
30979	-1	5842	Devastation Below	[(0, 62270)]
30988	10	1519	The Alliance Way	[(0, 61798)]
30989	10	1519	An Old Pit Fighter	[(0, 61824)]
30991	-1	5841	Do a Barrel Roll!	[(0, 60483)]
31011	-1	5841	Enemies At Our Door	[(0, 62299), (0, 63516), (0, 62362)]
31021	-1	6138	Living Amber	[(0, 63204)]
31022	-1	6138	Kypari Zar	[(0, 63286), (0, 63287)]
31038	-1	5842	The Challenger's Ring: Snow Blossom	[(0, 62781)]
31067	-1	6138	The Heavens Hum With War	[(0, 62843)]
31077	-1	6138	Evie Stormstout	[(0, 62964)]
31084	-1	6138	Bind the Glamour	[(0, 63119)]
31085	-1	6138	Fires and Fears of Old	[(0, 63107)]
31086	-1	6138	Blood of Ancients	[(1, 84779)]
31091	-1	6138	Reunited	[(0, 64013), (0, 62542)]
31104	-1	5842	The Challenger's Ring: Yalia Sagewhisper	[(0, 62825)]
31121	-1	5785	Stay a While, and Listen	[(0, 63114)]
31190	-1	6138	The Mariner's Revenge	[(0, 64222), (0, 64228), (0, 64229)]
31338	-1	5805	Lost Sheepie	[(1, 86446)]
31339	-1	5805	Lost Sheepie... Again	[(1, 86446)]
31440	-1	6066	The Four Tomes	[(2, 214101)]
31442	90	6066	The Four Tomes	[(2, 214279), (2, 214280), (2, 214277)]
31514	-1	6109	Unto Dust Thou Shalt Return	[(0, 64835)]
31516	90	6109	Unto Dust Thou Shalt Return	[(0, 64840)]
31519	90	5963	A Worthy Challenge: Yan-zhu the Uncasked	[(0, 66952)]
31520	90	5956	A Worthy Challenge: Sha of Doubt	[(0, 66951)]
31522	90	5918	A Worthy Challenge: Sha of Hatred	[(0, 66953)]
31523	90	6182	A Worthy Challenge: Xin the Weaponmaster	[(0, 66959)]
31524	90	5976	A Worthy Challenge: Raigonn	[(0, 66954)]
31525	90	6214	A Worthy Challenge: Wing Leader Ner'onok	[(0, 66955)]
31526	90	6109	A Worthy Challenge: Durand	[(0, 66956)]
31527	90	6052	A Worthy Challenge: Flameweaver Koegler	[(0, 66957)]
31528	90	6066	A Worthy Challenge: Darkmaster Gandling	[(0, 66958)]
31534	-1	5805	The Beginner's Brew	[(1, 87554), (1, 87555), (1, 87556)]
31538	-1	5805	A Worthy Brew	[(0, 64945)]
31669	-1	5805	The Cabbage Test	[(0, 65479)]
31670	-1	5805	That Dangling Carrot	[(0, 65480)]
31671	-1	5805	Why Not Scallions?	[(0, 65481)]
31672	-1	5805	A Pumpkin-y Perfume	[(0, 65482)]
31674	-1	5805	The Pink Turnip Challenge	[(0, 65484)]
31675	-1	5805	The White Turnip Treatment	[(0, 65485)]
31705	-1	5785	Needle Me Not	[(0, 65616)]
31732	-1	5785	Unleash Hell	[(0, 66400), (0, 66401)]
31735	-1	5785	The Right Tool For The Job	[(0, 66383), (0, 66384)]
31743	-1	5785	Smoke Before Fire	[(0, 66303), (0, 66304), (0, 66302)]
31745	-1	5785	Onward and Inward	[(0, 67070)]
31768	-1	5785	Fire Is Always the Answer	[(0, 66308)]
31769	-1	5785	The Final Blow!	[(0, 66554), (0, 66555), (0, 66556)]
31810	-1	5785	Riding the Skies	[(0, 58594)]
31811	-1	5785	Riding the Skies	[(0, 58594)]
31837	-1	6081	Continue Your Training: Master Cheng	[(0, 66180)]
31844	-1	6081	Practice Makes Perfect: Master Cheng	[(0, 66180)]
31941	-1	5805	Squash Those Foul Odors	[(0, 66735)]
31942	-1	5805	It's Melon Time	[(0, 66736)]
31944	-1	6081	Complete Your Training: The Final Test	[(0, 66732)]
31945	-1	5805	Learn and Grow VI: Gina's Vote	[(0, 65481)]
31946	-1	5805	Mung-Mung's Vote III: The Great Carrot Caper	[(0, 65480)]
31947	-1	5805	Farmer Fung's Vote III: Crazy For Cabbage	[(0, 65479)]
31998	90	5956	A Worthy Challenge: Sha of Doubt	[(0, 66951)]
32000	90	5963	A Worthy Challenge: Yan-zhu the Uncasked	[(0, 66952)]
32001	90	5918	A Worthy Challenge: Sha of Hatred	[(0, 66953)]
32002	90	6182	A Worthy Challenge: Xin the Weaponmaster	[(0, 66959)]
32003	90	5976	A Worthy Challenge: Raigonn	[(0, 66954)]
32004	90	6214	A Worthy Challenge: Wing Leader Ner'onok	[(0, 66955)]
32005	90	6109	A Worthy Challenge: Durand	[(0, 66956)]
32006	90	6052	A Worthy Challenge: Flameweaver Koegler	[(0, 66957)]
32007	90	6066	A Worthy Challenge: Darkmaster Gandling	[(0, 66958)]
32145	-1	-396	Don't Lose Your Head	[(0, 67435), (0, 67427)]
32156	-1	-396	It's Only Right	[(1, 93009)]
32190	-1	-397	To Mogujia	[(0, 68721)]
32192	-1	-397	Bloodlines	[(0, 67605)]
32193	-1	-397	To Mogujia	[(0, 68743)]
32209	-1	6507	Save Our Scouts!	[(0, 69357), (0, 69356), (0, 69355)]
32226	-1	6507	Into the Crypts	[(0, 69241)]
32236	90	-396	Bug Off!	[(0, 67641), (0, 68653)]
32254	-1	6507	Manipulating the Saurok	[(0, 69309)]
32300	-1	6507	Disarming Irony	[(2, 218734), (2, 218735), (2, 218736)]
32305	-1	6507	Overpowered	[(0, 70273)]
32315	-1	-397	Anduin's Plea	[(0, 68744)]
32316	-1	-397	Heart Of The Alliance	[(0, 68006)]
32320	-1	-397	The Horde Is Family	[(0, 68342)]
32321	-1	-397	The Monkey King	[(0, 68005)]
32330	-1	-397	What's in the Box?	[(0, 68259)]
32337	-1	-397	The Head	[(1, 92560)]
32355	-1	-397	The Harmonic Mallet	[(0, 68747)]
32363	-1	-397	The Kun-Lai Expedition	[(0, 68724)]
32370	-1	-397	The Kun-Lai Expedition	[(0, 68745)]
32371	-1	-397	Memory Wine	[(2, 216625)]
32372	-1	-397	De-Subjugation	[(0, 68041), (0, 68044)]
32376	-1	-397	To the Valley!	[(0, 68722)]
32381	-1	-397	To Catch A Spy	[(0, 68527), (0, 68528), (0, 68529)]
32382	-1	-397	He's In Deep	[(0, 68742)]
32383	-1	-397	Bugging Out	[(0, 68484), (0, 68487), (0, 68488)]
32384	-1	-397	Trapping the Leader	[(0, 68378)]
32391	-1	-397	The Ruins of Korune	[(0, 68725)]
32392	-1	-397	The Divine Bell	[(0, 68472)]
32393	-1	-397	The Ruins of Korune	[(0, 68746)]
32394	-1	-397	The Divine Bell	[(0, 68505)]
32397	-1	-397	He Won't Even Miss It	[(0, 68489)]
32398	-1	-397	The Bell Speaks	[(0, 68726)]
32401	-1	-397	Breath of Darkest Shadow	[(0, 68936)]
32403	-1	-397	It Starts in the Sewers	[(0, 68695)]
32404	-1	-397	Violence in the Arena	[(0, 68042), (0, 68043)]
32405	-1	-397	Hand of the Silver Covenant	[(0, 68587)]
32408	-1	-397	The Silver Covenant's Stronghold	[(0, 68049)]
32409	-1	-397	The Kirin Tor's True Colors	[(0, 68047)]
32410	-1	-397	Krasus' Landing	[(0, 68728)]
32411	-1	-397	The Remaining Sunreavers	[(0, 68711), (0, 68714), (0, 68715), (0, 68716), (0, 68717)]
32412	-1	-397	One Last Grasp	[(0, 68635)]
32418	-1	-397	Unfair Trade	[(0, 68752), (0, 68754), (0, 68753), (0, 68755)]
32420	-1	-397	Cashing Out	[(0, 68751)]
32421	-1	-397	Nowhere to Run	[(0, 68762)]
32460	-1	-397	Tracking the Thieves	[(0, 68962)]
32528	-1	6507	Into the Crypts	[(0, 69241)]
32536	-1	6507	Manipulating the Saurok	[(0, 69682), (0, 69684), (0, 69686)]
32537	-1	6507	De-Constructed	[(0, 69693), (0, 69688), (0, 69695), (0, 69697)]
32588	-1	6507	On Her Magic-ey Secret Service	[(0, 69751), (0, 69752), (0, 69754)]
32635	-1	6507	Enough with the Bombs!	[(2, 218731), (2, 218732), (2, 218733)]
32637	-1	6507	Overpowered	[(0, 70272)]
32647	-1	5805	Work Order: Golden Lotus I	[(0, 65485)]
32649	-1	5805	Work Order: Shado-Pan I	[(0, 65479)]
32653	-1	5805	Work Order: The August Celestials I	[(0, 66736)]
32658	-1	5805	Work Order: The Klaxxi I	[(0, 65482)]
32708	-1	6507	Setting the Trap	[(0, 70514)]
32806	-1	-397	The King and the Council	[(0, 70544)]
32837	90	-399	Grandpa Grumplefloot	[(0, 71565)]
32839	90	-399	The Bear and the Lady Fair	[(0, 71573)]
32841	90	-399	Master Boom Boom	[(0, 71567)]
32843	90	-399	Razorgrin	[(0, 71568)]
32845	90	-399	Splat	[(0, 71569)]
32847	90	-399	Mecha-Bruce	[(0, 71570)]
32851	90	-399	Blingtron 3000	[(0, 71571)]
32853	90	-399	Mingus Diggs	[(0, 70621)]
32855	90	-399	The Blind Hero	[(0, 71574)]
32857	90	-399	Ro-Shambo	[(0, 71572)]
32859	90	-399	Ty'thar	[(0, 71566)]
32900	90	-392	Heroic Deeds	[(0, 71496)]
32901	90	-392	Heroic Deeds	[(0, 71496)]
32942	-1	5805	Work Order: Sunreaver Onslaught I	[(0, 65481)]
32944	-1	5805	Work Order: Kirin Tor Offensive I	[(0, 65480)]
32979	100	-401	Garrison Campaign: Farseer's Rock	[(0, 72230)]
32983	100	-401	In the Shadow of Giants	[(0, 74591)]
32985	100	-401	Fury of Frostfire	[(0, 72631)]
33022	90	-304	Catch and Carry	[(0, 72900)]
33027	90	-304	The Secret Ingredient Is...	[(0, 72984), (0, 73365)]
33112	-1	6719	Ominous Portents	[(0, 72907)]
33146	90	-304	Noodle Time	[(0, 73416), (0, 73417)]
33248	90	-400	Proving Grounds	[(0, 72319)]
33249	90	-400	Proving Grounds	[(0, 72319)]
33256	-1	6719	The Defense of Karabor	[(0, 73772)]
33263	-1	6719	Gloomshade Grove	[(0, 74244)]
33343	-1	6757	The Archiereus Of Flame	[(0, 73666)]
33358	90	-304	Noodle Time: Bonus	[(0, 73416), (0, 74052)]
33419	-1	6719	A Matter of Life and Death	[(0, 78890), (0, 78889), (0, 78891)]
33514	-1	722	The Ritual	[(0, 74434)]
33662	-1	6885	Beatface vs. Boulder	[(0, 82368)]
33706	-1	6721	Laying Dionor to Rest	[(0, 82384)]
33874	-1	6662	Aruumel's Rest	[(0, 76824)]
33882	-1	6662	Just Peachicky	[(0, 76922)]
34019	-1	6794	Shadows Awaken	[(0, 75043)]
34027	100	-401	Groundbreaking Data	[(0, 77225)]
34028	100	-401	These Look Familiar...	[(0, 77160)]
34029	100	-401	The Prototype	[(0, 77311)]
34030	100	-401	The Captive Engineer	[(0, 77161)]
34031	100	-401	Something to Remember Me By	[(2, 227183)]
34033	100	-401	And The Mole You Rode In On	[(0, 77160)]
34035	100	-401	I Know The Drill!	[(2, 228562), (2, 228511), (0, 78040), (0, 78041)]
34040	100	-401	Maker's Mark	[(0, 78126)]
34041	100	-401	Four Finger Discount	[(2, 228733), (2, 228736)]
34042	100	-401	A Fellow Gearhead	[(0, 77161)]
34048	100	-401	"Mole Machine, Go Home"	[(2, 227172)]
34054	-1	6719	The Dark Side of the Moon	[(0, 74632)]
34070	-1	6720	At the End of Your Rope	[(0, 77111)]
34192	-1	-403	Things Are Not Goren Our Way	[(0, 81396)]
34193	-1	-24	Clearing the Garden	[(0, 81967)]
34216	-1	6960	Safe Passage	[(0, 72835)]
34285	100	-401	Gearing Up	[(1, 110229), (1, 110149), (1, 110232)]
34286	100	-401	Seeking the Truth	[(0, 78252)]
34289	100	-401	Soulgrinder Survivor	[(0, 77997)]
34314	100	-401	Out of the Chains	[(2, 229414)]
34316	100	-401	Seeking the Truth	[(0, 78252)]
34319	100	-401	Soulgrinder Survivor	[(0, 77997)]
34338	100	-401	The Descent	[(0, 78294), (0, 78257), (1, 110295), (0, 78295)]
34339	100	-401	A Goren's Feast	[(0, 78289)]
34362	100	-401	The Shadow Gate	[(0, 78003)]
34381	100	-401	The Shadow Gate	[(0, 78003)]
34422	-1	-402	Blaze of Glory	[(0, 81760)]
34596	-1	6755	Reglakk's Research	[(0, 79927)]
34662	-1	6755	Ring of Trials: Crushmaul	[(0, 76702)]
34663	-1	6755	Ring of Trials: Raketalon	[(0, 82670)]
34664	-1	6755	Ring of Trials: Hol'yelaa	[(0, 86146)]
34665	-1	6755	Ring of Trials: Captain Boomspark	[(0, 79690)]
34666	-1	6755	Ring of Trials: Roakk the Zealot	[(0, 79490)]
34758	-1	-101	Looking For Help	[(0, 79898)]
34847	-1	6719	Forbidden Love	[(0, 76295)]
35088	-1	6755	The Shadow of the Void	[(0, 81215)]
35093	-1	6719	The Dark Side of the Moon	[(0, 74632)]
35154	-1	-403	Things Are Not Goren Our Way	[(0, 81396)]
35158	-1	6755	Reglakk's Research	[(0, 79927)]
35168	90	-403	Your First Blacksmithing Work Order	[(1, 112971)]
35187	100	-401	Infiltrating the Sargerei	[(0, 81499)]
35195	100	-401	Socrethar's Fury	[(0, 81716)]
35492	90	4	For Nethergarde!	[(2, 232526), (2, 232531), (2, 232532)]
35500	90	4	Gar'mak Bladetwist	[(0, 82458)]
35704	-1	6722	When All Is Aligned	[(0, 82651)]
35924	-1	6722	Assassin's Mark	[(0, 83627)]
35926	-1	6722	Assassin's Mark	[(0, 83632)]
35927	100	6941	Forsaken Brains	[(1, 112015)]
35937	100	6941	Blood Elf Ear	[(1, 112128)]
35938	100	6941	Goblin Nose	[(1, 112125)]
35939	100	6941	Tauren Hoof	[(1, 112123)]
35940	100	6941	Orc Tooth	[(1, 112122)]
35941	100	6941	Troll Feet	[(1, 112120)]
35942	100	6941	Pandaren Hide	[(1, 112113)]
36006	100	-344	Hunter: Hunted	[(0, 84938), (0, 84939), (0, 84940)]
36014	100	-344	Blackhand's Secret	[(1, 115523)]
36033	100	6941	Severed Night Elf Head	[(1, 112124)]
36034	100	6941	Dwarf Spine	[(1, 112126)]
36038	100	6941	Pandaren Hide	[(1, 112113)]
36040	100	6941	Tuft of Gnome Hair	[(1, 112127)]
36041	100	6941	Draenei Tail	[(1, 112121)]
36042	100	6941	Human Bone Chip	[(1, 112131)]
36161	100	-401	Where There Is Smoke...	[(0, 84352), (0, 84354), (0, 84355)]
36162	100	-401	A Stolen Heart	[(0, 84356)]
36164	100	-401	The Trial of Courage	[(0, 84364)]
36168	100	-401	The Trial of Faith	[(0, 84719), (0, 84814)]
36169	100	-401	The Trial of Champions	[(0, 84974)]
36206	100	-344	The Dragon's Tale	[(0, 86100), (0, 86101), (0, 86102), (0, 86103), (0, 88585)]
36207	90	-403	Waruk the Frostforger	[(0, 84682)]
36230	90	-403	The Restless Spirit	[(1, 114977)]
36242	100	-401	Where There Is Smoke...	[(0, 84738), (0, 84741), (0, 84742)]
36248	100	-401	A Stolen Heart	[(0, 84757)]
36341	100	-401	Primal Fury	[(0, 85053), (0, 85042), (0, 85046)]
36342	100	-401	Primal Fury	[(0, 85054), (0, 85042), (0, 85046)]
36352	90	-403	Locating the Lapidarist	[(0, 85323)]
36379	90	4	Peeking into the Portal	[(2, 234576)]
36404	-1	-24	Clearing the Garden	[(0, 85341)]
36438	-1	6885	Beatface vs. Boulder	[(0, 82368)]
36443	-1	6721	Laying Dionor to Rest	[(0, 82384)]
36457	90	-403	Bypassing Security	[(0, 85486)]
36483	-1	-394	Battle Pet Roundup	[(1, 116378)]
36516	90	-403	Cut 'Em Out!	[(1, 116195)]
36641	90	-403	Your First Alchemy Work Order	[(1, 116842)]
36642	90	-403	Your First Leatherworking Work Order	[(1, 116840)]
36646	90	-403	Your First Engineering Work Order	[(1, 116845)]
36647	90	-403	Your First Inscription Work Order	[(1, 116846)]
36662	-1	-394	Scrappin'	[(1, 116378)]
36884	100	6941	Worgen Snout	[(1, 112119)]
37030	100	6967	Sigil of the Black Hand (Heroic)	[(1, 118386), (1, 118385)]
37031	100	6967	Sigil of the Black Hand (Mythic)	[(1, 118389), (1, 118388)]
37126	100	-403	An Ogre Without His Sword...	[(1, 118545)]
37151	-1	6984	Cold Steel	[(0, 80005)]
37160	100	6984	Cleaving Time	[(0, 80005)]
37167	100	6984	And No Maces!	[(0, 80005), (0, 80005)]
37180	100	-403	An Ogre Without His Sword...	[(1, 118545)]
37209	-1	6984	Cold Steel Part II	[(0, 80005)]
37242	100	6984	Learning Is Painful	[(0, 80005)]
37243	100	6984	An Axe to Grind	[(0, 80005)]
37263	100	6932	A Worthy Challenge: Ner'zhul	[(0, 79118)]
37433	100	-400	Proving Grounds	[(0, 72319)]
37434	100	-400	Proving Grounds	[(0, 72319)]
37530	-1	7334	Save Yourself	[(0, 89323), (0, 91395), (0, 91396), (0, 91397), (0, 91399), (0, 91400)]
37538	-1	7334	Round 1, Fight!	[(0, 89056)]
37563	-1	6720	The Frostwolves Stand Ready	[(0, 89096)]
37568	90	-403	Your First Alchemy Work Order	[(1, 116842)]
37569	90	-403	Your First Blacksmithing Work Order	[(1, 112971)]
37571	90	-403	Your First Engineering Work Order	[(1, 116845)]
37572	90	-403	Your First Inscription Work Order	[(1, 116846)]
37574	90	-403	Your First Leatherworking Work Order	[(1, 116840)]
37644	-1	-394	Mastering the Menagerie	[(1, 116378)]
37645	-1	-394	Mastering the Menagerie	[(1, 116378)]
37666	-1	7334	Picking a Fight	[(0, 110861)]
37689	-1	7334	The Imposter	[(0, 111249)]
37729	-1	7334	Pop Quiz: Advanced Rune Drawing	[(0, 89655), (0, 89656), (0, 89657)]
37849	100	6722	Amulet of Rukhmar: The First Key	[(2, 239818)]
37860	-1	7334	You Scratch My Back...	[(0, 100386)]
37945	100	6721	The Silent Skull: Taking from the Taker	[(2, 239964)]
37979	100	6719	Dream of Argus: The Crystal Reborn	[(0, 90626)]
37993	100	6722	Amulet of Rukhmar: The Apexis Device	[(2, 239808)]
37996	100	6721	The Silent Skull: Taking from the Taker	[(2, 239964)]
37997	100	6719	Dream of Argus: The Crystal Reborn	[(0, 90626)]
38274	100	-401	The Eye of Kilrogg	[(0, 91475)]
38308	-1	7541	Eyes in the Overlook	[(1, 122581)]
38312	-1	7541	A Grapple a Day	[(1, 138111)]
38345	-1	1537	Numismatics	[(1, 122618)]
38346	-1	1497	Numismatics	[(1, 122618)]
38351	-1	-403	Portable Portals	[(0, 91574)]
38354	-1	-403	Portable Portals	[(0, 91574)]
38394	-1	1537	Completionism	[(1, 122618)]
38395	-1	1497	Completionism	[(1, 122618)]
38396	-1	1537	A Curious Oddity	[(1, 122618)]
38397	-1	1497	A Curious Oddity	[(1, 122618)]
38402	-1	1537	The Same, But Different	[(1, 122618)]
38404	-1	1497	The Same, But Different	[(1, 122618)]
38578	-1	6723	A Message of Terrible Import	[(0, 90612)]
38599	-1	6723	Infrastructure Improvements	[(2, 241443)]
38612	-1	7541	A Grapple a Day	[(1, 138111)]
38624	-1	7541	Cry Thunder!	[(0, 91768)]
38720	103	7558	No Reason to Stay	[(0, 116013)]
38765	98	-407	Enter the Illidari: Shivarra	[(0, 97831)]
38807	110	-408	Infernal Brimstone Analysis	[(1, 128392), (1, 128396)]
38811	-1	7541	Judgment Day	[(0, 92889), (0, 92918), (0, 92920)]
38819	99	-407	Their Numbers Are Legion	[(0, 97395), (0, 97409), (0, 101319)]
38923	110	6941	Ashran Dominance	[(0, 95099)]
38924	100	6941	Continue the Domination	[(0, 95099)]
38926	100	6941	Continue the Domination	[(0, 95099)]
38952	102	-264	Meticulous Precision	[(1, 127043)]
39217	100	6941	Don't Hate, Excavate!	[(0, 94810)]
39233	100	6941	Don't Hate, Excavate!	[(0, 94810)]
39274	-1	7503	Defend the Riverlands	[(0, 99406)]
39279	98	-407	Assault on Mardum	[(0, 97154), (0, 102223), (0, 102224), (0, 102225)]
39327	100	-181	There's a Scribe for That	[(1, 128291)]
39354	-1	7558	Wisp in the Willows	[(0, 110572)]
39455	-1	7503	Cave of the Blood Trial	[(0, 97544)]
39499	100	7545	Well of Souls	[(1, 128416)]
39500	100	7545	Well of Souls	[(1, 128417)]
39501	100	7545	Well of Souls	[(1, 128418)]
39523	100	6941	Continue the Domination	[(0, 95099)]
39526	-1	6723	Pressing the Attack	[(0, 96044)]
39648	-1	6960	Where Are the Children?	[(0, 96454)]
39668	-1	6960	What Horrible Presents!	[(0, 96487)]
39771	-1	-406	The Voice of Thunder	[(0, 100546)]
39773	-1	7503	The Soulkeeper's Fate	[(0, 97153)]
39838	110	7502	Fire!	[(0, 97432)]
39860	-1	7503	Rite of Blood	[(0, 97418)]
39875	100	-410	The Last Few	[(1, 128540)]
39906	108	-410	Prepping For Battle	[(1, 128545), (1, 128537), (1, 128539)]
39938	102	-371	Containing the Demon Within	[(0, 98028)]
39941	102	-371	Control is Key	[(0, 97847)]
39956	108	-371	The Legacy Passed On	[(0, 98221)]
40023	-1	-24	The Last Straw	[(0, 98142)]
40026	-1	-24	Chase the Culprit	[(1, 129220)]
40033	-1	-24	Fjarnskaggl	[(0, 98197)]
40041	-1	-24	Felwort Analysis	[(1, 129212), (1, 129213), (1, 129214)]
40215	110	-182	Mounting Made Easy	[(0, 105344), (0, 105345), (0, 105346), (0, 105347), (0, 105348), (0, 105349)]
40312	-1	7503	A Timely Opportunity	[(0, 96214)]
40345	-1	7503	Burn the Candle at Both Ends	[(0, 99781), (0, 99783), (0, 100674)]
40378	98	-407	Enter the Illidari: Ashtongue	[(0, 97831), (0, 101534)]
40379	98	-407	Enter the Illidari: Coilskar	[(0, 97831)]
40604	-1	-406	Disturbing the Past	[(0, 100736)]
40729	-1	-406	The New Blood	[(0, 101151)]
40748	110	7637	Network Security	[(0, 101896)]
40835	-1	-406	Disturbing the Past	[(0, 100736)]
40863	102	-201	Always the Last Thing	[(1, 133879), (1, 133880), (1, 133895), (1, 133881)]
40932	-1	-406	Disturbing the Past	[(0, 100736)]
40933	-1	-406	A Grisly Task	[(0, 102459)]
40956	110	7637	Survey Says...	[(0, 102545), (0, 106686)]
41010	110	-101	Fish Frenzy	[(0, 102517)]
41193	110	-377	Laying to Rest	[(0, 103731)]
41367	110	7502	Priority Delivery	[(1, 134857), (0, 132999)]
41629	-1	-406	Harnessing the Holy Fire	[(0, 104789)]
41790	-1	-406	The First Trial of Ursol	[(0, 104714)]
41915	110	7637	The Master's Legacy	[(0, 105918)]
42031	-1	-417	Dire Growth	[(0, 110391)]
42049	-1	-417	Powering the Portal	[(1, 137119)]
42100	-1	-425	Empowering the Soul	[(1, 136834)]
42126	-1	-420	Archmage Omniara	[(0, 108514)]
42166	-1	-420	What Is Going On Here?	[(0, 106636)]
42204	-1	-426	Jorhuttam	[(0, 106197)]
42229	110	7637	Shal'Aran	[(0, 111725), (0, 111723), (0, 111724)]
42370	-1	7334	Wanding 101	[(0, 107279)]
42371	-1	7334	Study Hall: Combat Research	[(0, 107300), (0, 107301), (0, 107299)]
42387	-1	-418	Assassin Entrapment	[(0, 109189)]
42392	-1	-418	Survive the Night	[(0, 107495)]
42423	-1	-420	Archmage Vargoth's Retreat	[(0, 107420)]
42659	-1	-418	In Defense of Dalaran	[(0, 108631)]
42728	110	7637	A Mlrglrmg For Grlmrgl	[(2, 251324)]
42738	-1	-416	Rune Ruination: Runelord Ragnar	[(1, 138111)]
42749	-1	-416	Strange Bedfellows	[(0, 108663)]
42787	-1	-416	Deal With It Personally	[(0, 92423)]
42802	-1	-416	Securing Mardum	[(1, 140378)]
42969	110	7637	A Spy in Our Midst	[(0, 109388), (0, 109408)]
43014	-1	-424	The Big Bad Wolfe	[(1, 139002)]
43182	-1	-418	The Missing Vessel	[(1, 139041)]
43251	-1	-424	In Search of the Eye	[(0, 110165)]
43254	-1	-406	Ritual Ruination	[(0, 110556)]
43338	-1	-406	The Codex of Ra	[(0, 110802)]
43365	-1	-417	The Cycle Continues	[(0, 110426)]
43383	-1	-421	Awakening the Light	[(1, 139368)]
43400	-1	-421	Lumenstone	[(1, 140191)]
43488	-1	-422	Blood of Our Enemy	[(1, 139465)]
43519	-1	-406	Lucid Strength	[(0, 111223)]
43522	-1	-406	Essential Consumption	[(0, 111517)]
43526	-1	-406	A True Test	[(0, 111518)]
43645	-1	-406	Wavespeaker's Trail	[(2, 252304)]
43698	-1	-422	Lumenstone	[(1, 139634)]
43705	-1	8277	Nobundo's Last Stand	[(0, 110781)]
43823	110	-406	Hidden History	[(1, 140119), (1, 140120), (1, 140118)]
43826	110	-406	Hidden History	[(1, 140131), (1, 140132), (1, 140130)]
43959	110	7637	Stelleris Shakedown	[(0, 112013)]
44057	-1	7637	A "Noble" Event	[(1, 140561), (1, 140496), (1, 140563)]
44154	110	-406	The Rite of the Executioner	[(0, 112862)]
44283	110	8026	The Emerald Nightmare: Piercing the Veil	[(1, 141303)]
44684	110	41	Corruption Runs Deep	[(0, 114641)]
44685	110	41	Reclaiming the Ramparts	[(0, 114778), (0, 114780), (0, 114779)]
44733	110	41	The Power of Corruption	[(0, 115179)]
44752	110	7637	Essence Triangulation	[(0, 115311), (0, 115314), (0, 115315), (0, 115316), (0, 115317)]
44775	110	-413	The Peak of Bones	[(0, 116565)]
44782	110	-406	Away From Prying Eyes	[(0, 115458)]
44789	-1	7558	Holding the Ramparts	[(0, 117345), (0, 117346), (0, 117345), (0, 117346), (0, 118067)]
44874	110	7334	Unbeleyvable	[(0, 115759), (2, 266150), (0, 115760), (0, 115761), (0, 115762), (2, 266184), (0, 115764), (2, 266186), (0, 115763), (0, 118138)]
44875	110	7334	The Art of Flow	[(0, 115819), (0, 115820), (0, 115821)]
44886	110	7502	Unwanted Evidence	[(1, 142327)]
44887	110	7502	Uncovering Orders	[(1, 142328), (1, 142329)]
45118	-1	-426	Helya's Horn	[(0, 115732)]
45128	-1	-426	A Glorious Reunion	[(0, 118188)]
45207	-1	-420	The Nightborne Apprentice	[(0, 118248)]
45251	-1	-420	Redundancy	[(0, 107420)]
45350	110	-421	Countering the Contagion	[(0, 117209), (0, 117216), (0, 118863), (0, 118864)]
45406	-1	7541	The Storm's Fury	[(0, 116899), (0, 116920), (0, 116869)]
45442	-1	-419	Not Felling Well	[(0, 120180)]
45523	110	-406	To Tame the Drekirjar	[(0, 117233)]
45634	-1	-426	Kvaldir on Call	[(0, 117415), (0, 117417), (0, 121103)]
46205	-1	7334	A Conduit No More	[(0, 118069)]
46297	110	8574	Overwhelming Power	[(0, 126259)]
46499	110	7543	Spiders, Huh?	[(0, 121302)]
46501	110	7543	Grave Robbin'	[(0, 121305)]
46509	110	7543	Tomb Raidering	[(0, 121312)]
46510	110	7543	Ship Graveyard	[(0, 121313)]
46816	110	8574	Rendezvous	[(0, 120644), (0, 120648)]
46843	110	8574	Return to the Vindicaar	[(0, 124848)]
46938	110	8574	Alone in the Abyss	[(0, 123360), (0, 123401)]
47203	110	8701	Throwing Shade	[(0, 121660)]
47221	-1	8574	The Hand of Fate	[(0, 126096)]
47222	-1	-431	Two If By Sea	[(0, 122080)]
47223	-1	-431	Light's Exodus	[(0, 122006), (0, 122081), (0, 122091)]
47224	-1	8574	The Vindicaar	[(0, 126166)]
47431	110	8574	Gathering Light	[(0, 126241)]
47652	110	8574	The Light Mother	[(0, 126657)]
47689	110	8701	Gatekeeper's Challenge: Tenacity	[(0, 124162)]
47691	110	8701	A Non-Prophet Organization	[(0, 124477)]
47835	-1	8574	The Hand of Fate	[(0, 126097)]
47867	-1	-431	Two If By Sea	[(0, 122080)]
47889	110	8574	The Speaker Calls	[(0, 124597)]
47891	110	8574	Dire News	[(0, 124952)]
47892	110	8574	Storming the Citadel	[(0, 124966), (0, 126673)]
47993	110	8574	Lord of the Spire	[(0, 126818)]
48101	110	8701	Bully Pulpit	[(0, 127934)]
48273	110	8574	The Speaker Listens	[(0, 124597)]
48277	110	8574	The Speaker Seeks	[(0, 124597)]
48440	110	8574	Into the Night	[(0, 123349)]
48739	110	8701	Commander Xethgar	[(0, 126910)]
49077	110	8638	Moments of Reflection	[(0, 128431), (0, 128430)]
60012	110	-284	To battle!	[(0, 542182)]
60014	110	-284	Dungeon siege	[(0, 542181)]
